,name,reactionTime,trajectory,aimAction,noisePoint,goal,noiseNumber,playerGrid,target1,target2,minSteps
0,specailnoise0_softmaxBeta2.5_5,"[445, 879, 1325, 1775, 2220, 2657, 3097, 3546, 3999, 4445, 4882, 5328, 5770, 6238, 6682, 7134]","[(13, 13), [12, 13], [11, 13], [11, 12], [11, 11], [10, 11], [9, 11], [9, 10], [9, 9], [9, 8], [9, 7], [9, 6], [8, 6], [8, 5], [8, 4], [8, 3], [8, 2]]","[(-1, 0), (-1, 0), (0, -1), (0, -1), (-1, 0), (-1, 0), (0, -1), (0, -1), (0, -1), (0, -1), (0, -1), (-1, 0), (0, -1), (0, -1), (0, -1), (0, -1)]",[],"[0, 0, 0, 0, 0, 0, 0, 0, 0, 2, 2, 0, 2, 2, 2, 2]",0,"(13, 13)","(2, 8)","(8, 2)",6
1,specailnoise0_softmaxBeta2.5_5,"[452, 888, 1337, 1789, 2323, 2775, 3225, 3666, 4109, 4553, 4994, 5433, 5879, 6328]","[(11, 12), [11, 11], [11, 10], [10, 10], [9, 10], [8, 10], [8, 9], [7, 9], [6, 9], [6, 8], [6, 7], [6, 6], [6, 5], [6, 4], [6, 3]]","[(0, -1), (0, -1), (-1, 0), (-1, 0), (-1, 0), (0, -1), (-1, 0), (-1, 0), (0, -1), (0, -1), (0, -1), (0, -1), (0, -1), (0, -1)]",[],"[0, 0, 0, 0, 0, 0, 0, 0, 0, 0, 2, 2, 2, 2]",0,"(11, 12)","(2, 7)","(6, 3)",2
2,specailnoise0_softmaxBeta2.5_5,"[459, 914, 1407, 1858, 2306, 2753, 3200, 3652, 4102, 4548, 4994, 5446, 5904, 6347, 6795]","[(11, 11), [11, 10], [11, 9], [10, 9], [9, 9], [9, 8], [9, 7], [8, 7], [7, 7], [7, 6], [6, 6], [6, 5], [6, 4], [6, 3], [6, 2], [6, 1]]","[(0, -1), (0, -1), (-1, 0), (-1, 0), (0, -1), (0, -1), (-1, 0), (-1, 0), (0, -1), (-1, 0), (0, -1), (0, -1), (0, -1), (0, -1), (0, -1)]",[],"[0, 0, 0, 0, 0, 0, 0, 0, 0, 0, 2, 2, 2, 2, 2]",0,"(11, 11)","(1, 6)","(6, 1)",6
3,specailnoise0_softmaxBeta2.5_5,"[441, 890, 1339, 1792, 2240, 2721, 3162, 3604, 4047, 4541, 4997, 5439, 5881]","[(4, 11), [5, 11], [6, 11], [6, 10], [6, 9], [6, 8], [6, 7], [7, 7], [8, 7], [9, 7], [10, 7], [10, 6], [11, 6], [12, 6]]","[(1, 0), (1, 0), (0, -1), (0, -1), (0, -1), (0, -1), (1, 0), (1, 0), (1, 0), (1, 0), (0, -1), (1, 0), (1, 0)]",[],"[0, 0, 0, 0, 0, 0, 0, 0, 0, 2, 0, 2, 2]",0,"(4, 11)","(9, 3)","(12, 6)",10
4,specailnoise0_softmaxBeta2.5_5,"[457, 911, 1362, 1816, 2262, 2705, 3148, 3591, 4034, 4492, 4948, 5399, 5850]","[(3, 9), [4, 9], [5, 9], [5, 8], [6, 8], [7, 8], [8, 8], [9, 8], [10, 8], [11, 8], [11, 7], [11, 6], [11, 5], [11, 4]]","[(1, 0), (1, 0), (0, -1), (1, 0), (1, 0), (1, 0), (1, 0), (1, 0), (1, 0), (0, -1), (0, -1), (0, -1), (0, -1)]",[],"[0, 0, 0, 0, 0, 0, 2, 2, 2, 0, 0, 0, 0]",0,"(3, 9)","(8, 1)","(11, 4)",4
5,specailnoise0_softmaxBeta2.5_5,"[442, 883, 1341, 1787, 2231, 2676, 3124, 3564, 4004, 4442, 4877, 5316, 5759, 6204, 6641]","[(1, 12), [2, 12], [2, 11], [2, 10], [2, 9], [2, 8], [2, 7], [2, 6], [3, 6], [3, 5], [3, 4], [4, 4], [4, 3], [5, 3], [6, 3], [6, 2]]","[(1, 0), (0, -1), (0, -1), (0, -1), (0, -1), (0, -1), (0, -1), (1, 0), (0, -1), (0, -1), (1, 0), (0, -1), (1, 0), (1, 0), (0, -1)]",[],"[0, 0, 0, 0, 0, 0, 1, 0, 1, 1, 0, 1, 0, 0, 1]",0,"(1, 12)","(6, 2)","(11, 7)",4
6,specailnoise0_softmaxBeta2.5_5,"[442, 881, 1326, 1776, 2223, 2672, 3112, 3568, 4043, 4500, 4940, 5414, 5853, 6293, 6742, 7179]","[(13, 13), [12, 13], [11, 13], [11, 12], [11, 11], [10, 11], [10, 10], [9, 10], [9, 9], [8, 9], [7, 9], [7, 8], [6, 8], [5, 8], [4, 8], [3, 8], [2, 8]]","[(-1, 0), (-1, 0), (0, -1), (0, -1), (-1, 0), (0, -1), (-1, 0), (0, -1), (-1, 0), (-1, 0), (0, -1), (-1, 0), (-1, 0), (-1, 0), (-1, 0), (-1, 0)]",[],"[0, 0, 0, 0, 0, 0, 0, 0, 0, 1, 0, 1, 1, 1, 1, 1]",0,"(13, 13)","(2, 8)","(8, 2)",10
7,specailnoise0_softmaxBeta2.5_5,"[442, 879, 1329, 1794, 2233, 2681, 3121, 3563, 3999, 4474, 4920, 5361, 5805]","[(1, 5), [2, 5], [3, 5], [3, 6], [3, 7], [4, 7], [4, 8], [5, 8], [6, 8], [7, 8], [8, 8], [8, 9], [9, 9], [9, 10]]","[(1, 0), (1, 0), (0, 1), (0, 1), (1, 0), (0, 1), (1, 0), (1, 0), (1, 0), (1, 0), (0, 1), (1, 0), (0, 1)]",[],"[0, 0, 0, 0, 0, 0, 0, 0, 1, 1, 0, 1, 0]",0,"(1, 5)","(9, 10)","(6, 13)",2
8,specailnoise0_softmaxBeta2.5_5,"[441, 892, 1327, 1803, 2240, 2691, 3125, 3578, 4046, 4499, 4937, 5373, 5825]","[(2, 13), [2, 12], [3, 12], [4, 12], [5, 12], [5, 11], [5, 10], [6, 10], [6, 9], [6, 8], [7, 8], [8, 8], [9, 8], [10, 8]]","[(0, -1), (1, 0), (1, 0), (1, 0), (0, -1), (0, -1), (1, 0), (0, -1), (0, -1), (1, 0), (1, 0), (1, 0), (1, 0)]",[],"[0, 0, 0, 0, 0, 0, 0, 0, 0, 0, 2, 2, 2]",0,"(2, 13)","(7, 5)","(10, 8)",4
9,specailnoise0_softmaxBeta2.5_5,"[443, 897, 1340, 1797, 2234, 2690, 3224, 3676, 4122, 4557, 4998, 5435, 5875, 6317, 6760, 7196]","[(13, 13), [12, 13], [11, 13], [11, 12], [11, 11], [10, 11], [9, 11], [9, 10], [9, 9], [9, 8], [9, 7], [8, 7], [8, 6], [8, 5], [8, 4], [8, 3], [8, 2]]","[(-1, 0), (-1, 0), (0, -1), (0, -1), (-1, 0), (-1, 0), (0, -1), (0, -1), (0, -1), (0, -1), (-1, 0), (0, -1), (0, -1), (0, -1), (0, -1), (0, -1)]",[],"[0, 0, 0, 0, 0, 0, 0, 0, 0, 2, 0, 2, 2, 2, 2, 2]",0,"(13, 13)","(2, 8)","(8, 2)",6
10,specailnoise0_softmaxBeta2.5_5,"[441, 928, 1377, 1833, 2281, 2731, 3180, 3657, 4134, 4596, 5038, 5482, 5927]","[(1, 9), [1, 8], [1, 7], [2, 7], [3, 7], [4, 7], [5, 7], [6, 7], [7, 7], [7, 6], [8, 6], [8, 5], [8, 4], [9, 4]]","[(0, -1), (0, -1), (1, 0), (1, 0), (1, 0), (1, 0), (1, 0), (1, 0), (0, -1), (1, 0), (0, -1), (0, -1), (1, 0)]",[],"[0, 0, 0, 0, 0, 0, 0, 2, 0, 2, 0, 0, 2]",0,"(1, 9)","(6, 1)","(9, 4)",6
11,specailnoise0_softmaxBeta2.5_5,"[441, 883, 1362, 1813, 2260, 2711, 3154, 3597, 4043, 4486, 4928, 5373, 5818, 6259]","[(11, 2), [10, 2], [9, 2], [8, 2], [7, 2], [6, 2], [5, 2], [5, 3], [4, 3], [3, 3], [3, 4], [3, 5], [3, 6], [2, 6], [2, 7]]","[(-1, 0), (-1, 0), (-1, 0), (-1, 0), (-1, 0), (-1, 0), (0, 1), (-1, 0), (-1, 0), (0, 1), (0, 1), (0, 1), (-1, 0), (0, 1)]",[],"[0, 0, 0, 0, 0, 2, 0, 2, 2, 0, 0, 0, 2, 0]",0,"(11, 2)","(6, 11)","(2, 7)",2
12,specailnoise0_softmaxBeta2.5_5,"[452, 900, 1355, 1809, 2261, 2710, 3162, 3610, 4061, 4509, 4956, 5413, 5862, 6316, 6765]","[(11, 3), [11, 4], [10, 4], [9, 4], [9, 5], [8, 5], [7, 5], [6, 5], [5, 5], [4, 5], [3, 5], [2, 5], [1, 5], [1, 6], [1, 7], [1, 8]]","[(0, 1), (-1, 0), (-1, 0), (0, 1), (-1, 0), (-1, 0), (-1, 0), (-1, 0), (-1, 0), (-1, 0), (-1, 0), (-1, 0), (0, 1), (0, 1), (0, 1)]",[],"[0, 0, 0, 0, 0, 0, 0, 2, 2, 2, 2, 2, 0, 0, 0]",0,"(11, 3)","(6, 13)","(1, 8)",6
13,specailnoise0_softmaxBeta2.5_5,"[441, 915, 1364, 1810, 2253, 2696, 3134, 3572, 4013, 4449, 4889, 5339, 5787, 6232]","[(2, 2), [3, 2], [4, 2], [4, 3], [5, 3], [5, 4], [5, 5], [6, 5], [7, 5], [8, 5], [9, 5], [10, 5], [10, 6], [10, 7], [11, 7]]","[(1, 0), (1, 0), (0, 1), (1, 0), (0, 1), (0, 1), (1, 0), (1, 0), (1, 0), (1, 0), (1, 0), (0, 1), (0, 1), (1, 0)]",[],"[0, 0, 0, 0, 0, 0, 0, 0, 1, 1, 1, 0, 0, 1]",0,"(2, 2)","(11, 7)","(7, 11)",4
14,specailnoise0_softmaxBeta2.5_5,"[448, 899, 1372, 1853, 2298, 2749, 3194, 3640, 4087, 4528, 4984, 5434, 5889, 6340, 6797, 7241]","[(2, 12), [3, 12], [4, 12], [5, 12], [6, 12], [7, 12], [8, 12], [9, 12], [9, 11], [10, 11], [11, 11], [11, 10], [11, 9], [11, 8], [12, 8], [12, 7], [13, 7]]","[(1, 0), (1, 0), (1, 0), (1, 0), (1, 0), (1, 0), (1, 0), (0, -1), (1, 0), (1, 0), (0, -1), (0, -1), (0, -1), (1, 0), (0, -1), (1, 0)]",[],"[0, 0, 0, 0, 0, 2, 2, 0, 2, 2, 0, 0, 0, 2, 0, 2]",0,"(2, 12)","(7, 1)","(13, 7)",2
15,specailnoise0_softmaxBeta2.5_5,"[449, 882, 1324, 1768, 2206, 2642, 3083, 3521, 3997, 4441, 4919, 5397, 5857]","[(2, 11), [3, 11], [4, 11], [4, 10], [4, 9], [5, 9], [6, 9], [7, 9], [8, 9], [8, 8], [8, 7], [9, 7], [9, 6], [10, 6]]","[(1, 0), (1, 0), (0, -1), (0, -1), (1, 0), (1, 0), (1, 0), (1, 0), (0, -1), (0, -1), (1, 0), (0, -1), (1, 0)]",[],"[0, 0, 0, 0, 0, 0, 0, 2, 0, 0, 2, 0, 2]",0,"(2, 11)","(7, 3)","(10, 6)",6
16,specailnoise0_softmaxBeta2.5_5,"[441, 888, 1335, 1791, 2231, 2676, 3126, 3573, 4016, 4459, 4897, 5337, 5776, 6213, 6651, 7089]","[(1, 2), [1, 3], [1, 4], [2, 4], [3, 4], [4, 4], [5, 4], [5, 5], [5, 6], [6, 6], [6, 7], [7, 7], [8, 7], [9, 7], [10, 7], [11, 7], [12, 7]]","[(0, 1), (0, 1), (1, 0), (1, 0), (1, 0), (1, 0), (0, 1), (0, 1), (1, 0), (0, 1), (1, 0), (1, 0), (1, 0), (1, 0), (1, 0), (1, 0)]",[],"[0, 0, 0, 0, 0, 0, 0, 0, 0, 0, 1, 1, 1, 1, 1, 1]",0,"(1, 2)","(12, 7)","(6, 13)",10
17,specailnoise0_softmaxBeta2.5_5,"[443, 889, 1343, 1796, 2236, 2675, 3114, 3566, 4004, 4443, 4916, 5358, 5797, 6238]","[(1, 4), [2, 4], [3, 4], [3, 5], [3, 6], [3, 7], [3, 8], [4, 8], [5, 8], [5, 9], [5, 10], [5, 11], [5, 12], [6, 12], [6, 13]]","[(1, 0), (1, 0), (0, 1), (0, 1), (0, 1), (0, 1), (1, 0), (1, 0), (0, 1), (0, 1), (0, 1), (0, 1), (1, 0), (0, 1)]",[],"[0, 0, 0, 0, 0, 0, 0, 0, 0, 2, 2, 2, 0, 2]",0,"(1, 4)","(10, 9)","(6, 13)",10
18,specailnoise0_softmaxBeta2.5_5,"[447, 898, 1342, 1791, 2234, 2679, 3122, 3566, 4007, 4448, 4900, 5384, 5842, 6301, 6743, 7184]","[(1, 12), [2, 12], [2, 11], [2, 10], [2, 9], [2, 8], [2, 7], [2, 6], [3, 6], [3, 5], [3, 4], [4, 4], [5, 4], [5, 3], [5, 2], [5, 1], [6, 1]]","[(1, 0), (0, -1), (0, -1), (0, -1), (0, -1), (0, -1), (0, -1), (1, 0), (0, -1), (0, -1), (1, 0), (1, 0), (0, -1), (0, -1), (0, -1), (1, 0)]",[],"[0, 0, 0, 0, 0, 0, 1, 0, 1, 1, 0, 0, 1, 1, 1, 0]",0,"(1, 12)","(6, 1)","(12, 7)",4
19,specailnoise0_softmaxBeta2.5_5,"[439, 879, 1322, 1769, 2215, 2661, 3104, 3541, 3979, 4416, 4853, 5289, 5727, 6164, 6603]","[(13, 2), [13, 3], [12, 3], [11, 3], [11, 4], [10, 4], [10, 5], [10, 6], [9, 6], [8, 6], [7, 6], [6, 6], [6, 7], [5, 7], [4, 7], [3, 7]]","[(0, 1), (-1, 0), (-1, 0), (0, 1), (-1, 0), (0, 1), (0, 1), (-1, 0), (-1, 0), (-1, 0), (-1, 0), (0, 1), (-1, 0), (-1, 0), (-1, 0)]",[],"[0, 0, 0, 0, 0, 0, 0, 0, 0, 2, 2, 0, 2, 2, 2]",0,"(13, 2)","(8, 12)","(3, 7)",10
20,specailnoise0_softmaxBeta2.5_5,"[446, 888, 1342, 1794, 2248, 2732, 3205, 3669, 4120, 4561, 5005, 5451, 5908]","[(9, 3), [8, 3], [7, 3], [7, 4], [7, 5], [6, 5], [5, 5], [4, 5], [4, 6], [4, 7], [3, 7], [3, 8], [2, 8], [1, 8]]","[(-1, 0), (-1, 0), (0, 1), (0, 1), (-1, 0), (-1, 0), (-1, 0), (0, 1), (0, 1), (-1, 0), (0, 1), (-1, 0), (-1, 0)]",[],"[0, 0, 0, 0, 0, 0, 0, 0, 0, 2, 0, 2, 2]",0,"(9, 3)","(4, 11)","(1, 8)",2
21,specailnoise0_softmaxBeta2.5_5,"[440, 937, 1392, 1845, 2295, 2756, 3211, 3662, 4108, 4551, 4996, 5468, 5905, 6344, 6782]","[(13, 2), [13, 3], [13, 4], [12, 4], [12, 5], [12, 6], [12, 7], [12, 8], [12, 9], [12, 10], [11, 10], [11, 11], [11, 12], [10, 12], [9, 12], [8, 12]]","[(0, 1), (0, 1), (-1, 0), (0, 1), (0, 1), (0, 1), (0, 1), (0, 1), (0, 1), (-1, 0), (0, 1), (0, 1), (-1, 0), (-1, 0), (-1, 0)]",[],"[0, 0, 0, 0, 0, 0, 1, 1, 1, 0, 1, 1, 0, 0, 0]",0,"(13, 2)","(8, 12)","(3, 7)",4
22,specailnoise0_softmaxBeta2.5_5,"[451, 901, 1356, 1817, 2268, 2724, 3176, 3624, 4073, 4519, 4969, 5425, 5875]","[(5, 10), [5, 9], [5, 8], [6, 8], [7, 8], [8, 8], [8, 7], [8, 6], [9, 6], [9, 5], [9, 4], [10, 4], [10, 3], [10, 2]]","[(0, -1), (0, -1), (1, 0), (1, 0), (1, 0), (0, -1), (0, -1), (1, 0), (0, -1), (0, -1), (1, 0), (0, -1), (0, -1)]",[],"[0, 0, 0, 0, 0, 0, 0, 0, 0, 1, 0, 1, 1]",0,"(5, 10)","(10, 2)","(13, 5)",2
23,specailnoise0_softmaxBeta2.5_5,"[438, 876, 1325, 1770, 2204, 2640, 3073, 3520, 3955, 4394, 4834, 5268, 5708]","[(2, 2), [3, 2], [4, 2], [4, 3], [4, 4], [4, 5], [4, 6], [5, 6], [6, 6], [7, 6], [8, 6], [9, 6], [9, 7], [10, 7]]","[(1, 0), (1, 0), (0, 1), (0, 1), (0, 1), (0, 1), (1, 0), (1, 0), (1, 0), (1, 0), (1, 0), (0, 1), (1, 0)]",[],"[0, 0, 0, 0, 0, 0, 0, 0, 0, 1, 1, 0, 1]",0,"(2, 2)","(10, 7)","(7, 10)",6
24,specailnoise0_softmaxBeta2.5_5,"[448, 897, 1365, 1833, 2295, 2757, 3213, 3666, 4155, 4615, 5066, 5509, 5970, 6415, 6868]","[(3, 12), [3, 11], [3, 10], [4, 10], [5, 10], [5, 9], [6, 9], [6, 8], [7, 8], [8, 8], [9, 8], [10, 8], [10, 7], [11, 7], [12, 7], [13, 7]]","[(0, -1), (0, -1), (1, 0), (1, 0), (0, -1), (1, 0), (0, -1), (1, 0), (1, 0), (1, 0), (1, 0), (0, -1), (1, 0), (1, 0), (1, 0)]",[],"[0, 0, 0, 0, 0, 0, 0, 0, 0, 2, 2, 0, 2, 2, 2]",0,"(3, 12)","(8, 2)","(13, 7)",10
25,specailnoise0_softmaxBeta2.5_5,"[443, 883, 1324, 1777, 2223, 2670, 3109, 3549, 3988, 4436, 4884, 5326, 5771, 6220, 6658, 7106]","[(2, 13), [2, 12], [3, 12], [3, 11], [3, 10], [3, 9], [3, 8], [3, 7], [4, 7], [5, 7], [5, 6], [6, 6], [6, 5], [7, 5], [7, 4], [7, 3], [7, 2]]","[(0, -1), (1, 0), (0, -1), (0, -1), (0, -1), (0, -1), (0, -1), (1, 0), (1, 0), (0, -1), (1, 0), (0, -1), (1, 0), (0, -1), (0, -1), (0, -1)]",[],"[0, 0, 0, 0, 0, 0, 1, 0, 0, 1, 0, 1, 0, 1, 1, 1]",0,"(2, 13)","(7, 2)","(13, 8)",4
26,specailnoise0_softmaxBeta2.5_5,"[478, 949, 1418, 1871, 2324, 2777, 3228, 3686, 4140, 4626, 5084, 5539, 5993, 6452, 6909]","[(3, 11), [3, 10], [3, 9], [4, 9], [4, 8], [5, 8], [6, 8], [6, 7], [7, 7], [7, 6], [8, 6], [9, 6], [10, 6], [11, 6], [12, 6], [13, 6]]","[(0, -1), (0, -1), (1, 0), (0, -1), (1, 0), (1, 0), (0, -1), (1, 0), (0, -1), (1, 0), (1, 0), (1, 0), (1, 0), (1, 0), (1, 0)]",[],"[0, 0, 0, 0, 0, 0, 0, 0, 0, 0, 2, 2, 2, 2, 2]",0,"(3, 11)","(8, 1)","(13, 6)",4
27,specailnoise0_softmaxBeta2.5_5,"[442, 881, 1325, 1768, 2212, 2653, 3110, 3562, 4019, 4467, 4913, 5358, 5798, 6238, 6675]","[(13, 12), [12, 12], [12, 11], [12, 10], [11, 10], [10, 10], [9, 10], [8, 10], [7, 10], [6, 10], [6, 9], [5, 9], [5, 8], [5, 7], [4, 7], [3, 7]]","[(-1, 0), (0, -1), (0, -1), (-1, 0), (-1, 0), (-1, 0), (-1, 0), (-1, 0), (-1, 0), (0, -1), (-1, 0), (0, -1), (0, -1), (-1, 0), (-1, 0)]",[],"[0, 0, 0, 0, 0, 0, 0, 1, 1, 0, 1, 0, 0, 1, 1]",0,"(13, 12)","(3, 7)","(8, 2)",6
28,specailnoise0_softmaxBeta2.5_5,"[475, 926, 1376, 1812, 2243, 2676, 3104, 3552, 3989, 4427, 4859, 5292, 5727]","[(2, 13), [3, 13], [3, 12], [3, 11], [3, 10], [4, 10], [5, 10], [6, 10], [7, 10], [7, 9], [7, 8], [8, 8], [9, 8], [10, 8]]","[(1, 0), (0, -1), (0, -1), (0, -1), (1, 0), (1, 0), (1, 0), (1, 0), (0, -1), (0, -1), (1, 0), (1, 0), (1, 0)]",[],"[0, 0, 0, 0, 0, 0, 0, 0, 0, 0, 2, 2, 2]",0,"(2, 13)","(7, 5)","(10, 8)",4
29,specailnoise0_softmaxBeta2.5_5,"[450, 887, 1367, 1813, 2263, 2714, 3159, 3599, 4045, 4484, 4930, 5368, 5814, 6256]","[(10, 1), [10, 2], [9, 2], [8, 2], [8, 3], [8, 4], [7, 4], [6, 4], [6, 5], [5, 5], [4, 5], [3, 5], [2, 5], [1, 5], [1, 6]]","[(0, 1), (-1, 0), (-1, 0), (0, 1), (0, 1), (-1, 0), (-1, 0), (0, 1), (-1, 0), (-1, 0), (-1, 0), (-1, 0), (-1, 0), (0, 1)]",[],"[0, 0, 0, 0, 0, 0, 0, 0, 0, 2, 2, 2, 2, 0]",0,"(10, 1)","(5, 10)","(1, 6)",10
30,specailnoise0_softmaxBeta2.5_5,"[442, 876, 1322, 1766, 2211, 2645, 3086, 3524, 3967, 4411, 4856, 5299, 5739, 6185]","[(2, 2), [3, 2], [3, 3], [3, 4], [4, 4], [4, 5], [5, 5], [6, 5], [6, 6], [6, 7], [6, 8], [6, 9], [6, 10], [7, 10], [7, 11]]","[(1, 0), (0, 1), (0, 1), (1, 0), (0, 1), (1, 0), (1, 0), (0, 1), (0, 1), (0, 1), (0, 1), (0, 1), (1, 0), (0, 1)]",[],"[0, 0, 0, 0, 0, 0, 0, 0, 0, 2, 2, 2, 0, 2]",0,"(2, 2)","(11, 7)","(7, 11)",10
31,specailnoise0_softmaxBeta2.5_5,"[454, 900, 1374, 1866, 2328, 2789, 3241, 3690, 4136, 4579, 5023, 5469, 5914, 6361, 6805, 7260]","[(12, 2), [11, 2], [10, 2], [9, 2], [8, 2], [7, 2], [6, 2], [5, 2], [4, 2], [4, 3], [4, 4], [3, 4], [3, 5], [2, 5], [2, 6], [2, 7], [1, 7]]","[(-1, 0), (-1, 0), (-1, 0), (-1, 0), (-1, 0), (-1, 0), (-1, 0), (-1, 0), (0, 1), (0, 1), (-1, 0), (0, 1), (-1, 0), (0, 1), (0, 1), (-1, 0)]",[],"[0, 0, 0, 0, 0, 2, 2, 2, 0, 0, 2, 0, 2, 0, 0, 2]",0,"(12, 2)","(7, 13)","(1, 7)",2
32,specailnoise0_softmaxBeta2.5_5,"[446, 893, 1337, 1796, 2244, 2686, 3129, 3568, 4009, 4448, 4895, 5337, 5786]","[(13, 5), [13, 6], [13, 7], [13, 8], [13, 9], [13, 10], [13, 11], [13, 12], [12, 12], [12, 13], [11, 13], [10, 13], [9, 13], [8, 13]]","[(0, 1), (0, 1), (0, 1), (0, 1), (0, 1), (0, 1), (0, 1), (-1, 0), (0, 1), (-1, 0), (-1, 0), (-1, 0), (-1, 0)]",[],"[0, 0, 0, 0, 0, 1, 1, 0, 1, 0, 0, 0, 0]",0,"(13, 5)","(8, 13)","(5, 10)",2
33,specailnoise0_softmaxBeta2.5_5,"[450, 929, 1383, 1840, 2291, 2744, 3196, 3641, 4100, 4561, 5013, 5461, 5913, 6369, 6828]","[(3, 3), [3, 4], [4, 4], [5, 4], [5, 5], [6, 5], [6, 6], [7, 6], [7, 7], [7, 8], [7, 9], [7, 10], [7, 11], [8, 11], [8, 12], [8, 13]]","[(0, 1), (1, 0), (1, 0), (0, 1), (1, 0), (0, 1), (1, 0), (0, 1), (0, 1), (0, 1), (0, 1), (0, 1), (1, 0), (0, 1), (0, 1)]",[],"[0, 0, 0, 0, 0, 0, 0, 0, 0, 2, 2, 2, 0, 2, 2]",0,"(3, 3)","(13, 8)","(8, 13)",10
34,specailnoise0_softmaxBeta2.5_5,"[451, 902, 1349, 1792, 2239, 2677, 3117, 3560, 3996, 4471, 4913, 5370, 5813, 6254]","[(3, 1), [4, 1], [4, 2], [4, 3], [5, 3], [5, 4], [5, 5], [6, 5], [7, 5], [8, 5], [8, 6], [8, 7], [8, 8], [8, 9], [8, 10]]","[(1, 0), (0, 1), (0, 1), (1, 0), (0, 1), (0, 1), (1, 0), (1, 0), (1, 0), (0, 1), (0, 1), (0, 1), (0, 1), (0, 1)]",[],"[0, 0, 0, 0, 0, 0, 0, 0, 0, 0, 2, 2, 2, 2]",0,"(3, 1)","(12, 6)","(8, 10)",6
35,specailnoise0_softmaxBeta2.5_5,"[442, 891, 1350, 1806, 2248, 2694, 3133, 3575, 4014, 4453, 4898, 5338, 5775, 6217, 6658]","[(3, 13), [4, 13], [5, 13], [6, 13], [7, 13], [8, 13], [9, 13], [9, 12], [9, 11], [10, 11], [11, 11], [12, 11], [13, 11], [13, 10], [13, 9], [13, 8]]","[(1, 0), (1, 0), (1, 0), (1, 0), (1, 0), (1, 0), (0, -1), (0, -1), (1, 0), (1, 0), (1, 0), (1, 0), (0, -1), (0, -1), (0, -1)]",[],"[0, 0, 0, 0, 0, 2, 0, 0, 2, 2, 2, 2, 0, 0, 0]",0,"(3, 13)","(8, 3)","(13, 8)",2
36,specailnoise0_softmaxBeta2.5_5,"[443, 883, 1325, 1773, 2211, 2654, 3088, 3533, 3970, 4419, 4866, 5317, 5761, 6215, 6665]","[(12, 13), [12, 12], [11, 12], [11, 11], [11, 10], [11, 9], [11, 8], [11, 7], [10, 7], [9, 7], [9, 6], [8, 6], [7, 6], [7, 5], [7, 4], [7, 3]]","[(0, -1), (-1, 0), (0, -1), (0, -1), (0, -1), (0, -1), (0, -1), (-1, 0), (-1, 0), (0, -1), (-1, 0), (-1, 0), (0, -1), (0, -1), (0, -1)]",[],"[0, 0, 0, 0, 0, 0, 2, 0, 0, 2, 0, 0, 2, 2, 2]",0,"(12, 13)","(2, 8)","(7, 3)",4
37,specailnoise0_softmaxBeta2.5_5,"[444, 885, 1362, 1809, 2250, 2711, 3166, 3613, 4074, 4521, 4990, 5446, 5884, 6327, 6769]","[(3, 13), [4, 13], [4, 12], [4, 11], [5, 11], [6, 11], [7, 11], [7, 10], [7, 9], [8, 9], [8, 8], [9, 8], [10, 8], [11, 8], [12, 8], [13, 8]]","[(1, 0), (0, -1), (0, -1), (1, 0), (1, 0), (1, 0), (0, -1), (0, -1), (1, 0), (0, -1), (1, 0), (1, 0), (1, 0), (1, 0), (1, 0)]",[],"[0, 0, 0, 0, 0, 0, 0, 0, 0, 0, 2, 2, 2, 2, 2]",0,"(3, 13)","(8, 3)","(13, 8)",10
38,specailnoise0_softmaxBeta2.5_5,"[443, 887, 1330, 1785, 2228, 2668, 3117, 3561, 4036, 4479, 4939, 5377, 5818]","[(10, 2), [10, 3], [10, 4], [9, 4], [8, 4], [7, 4], [7, 5], [6, 5], [5, 5], [5, 6], [4, 6], [3, 6], [3, 7], [2, 7]]","[(0, 1), (0, 1), (-1, 0), (-1, 0), (-1, 0), (0, 1), (-1, 0), (-1, 0), (0, 1), (-1, 0), (-1, 0), (0, 1), (-1, 0)]",[],"[0, 0, 0, 0, 0, 0, 0, 0, 0, 2, 2, 0, 2]",0,"(10, 2)","(5, 10)","(2, 7)",2
39,specailnoise0_softmaxBeta2.5_5,"[441, 884, 1327, 1772, 2210, 2647, 3088, 3523, 3959, 4396, 4832, 5273, 5712, 6155, 6593, 7032]","[(1, 1), [1, 2], [1, 3], [1, 4], [1, 5], [1, 6], [1, 7], [1, 8], [1, 9], [1, 10], [1, 11], [1, 12], [2, 12], [3, 12], [4, 12], [5, 12], [6, 12]]","[(0, 1), (0, 1), (0, 1), (0, 1), (0, 1), (0, 1), (0, 1), (0, 1), (0, 1), (0, 1), (0, 1), (1, 0), (1, 0), (1, 0), (1, 0), (1, 0)]",[],"[0, 0, 0, 0, 0, 2, 2, 2, 2, 2, 2, 0, 0, 0, 0, 0]",0,"(1, 1)","(12, 6)","(6, 12)",2
40,specailnoise0_softmaxBeta2.5_5,"[439, 877, 1321, 1772, 2279, 2728, 3169, 3613, 4051, 4495, 4937, 5378, 5814]","[(1, 3), [1, 4], [2, 4], [2, 5], [2, 6], [3, 6], [4, 6], [5, 6], [6, 6], [7, 6], [7, 7], [7, 8], [8, 8], [9, 8]]","[(0, 1), (1, 0), (0, 1), (0, 1), (1, 0), (1, 0), (1, 0), (1, 0), (1, 0), (0, 1), (0, 1), (1, 0), (1, 0)]",[],"[0, 0, 0, 0, 0, 0, 0, 0, 1, 0, 0, 1, 1]",0,"(1, 3)","(9, 8)","(6, 11)",4
41,specailnoise0_softmaxBeta2.5_5,"[443, 884, 1329, 1779, 2226, 2667, 3109, 3558, 3998, 4438, 4911, 5355, 5795, 6242, 6684]","[(11, 2), [11, 3], [11, 4], [11, 5], [11, 6], [11, 7], [11, 8], [10, 8], [9, 8], [8, 8], [7, 8], [6, 8], [6, 9], [6, 10], [6, 11], [6, 12]]","[(0, 1), (0, 1), (0, 1), (0, 1), (0, 1), (0, 1), (-1, 0), (-1, 0), (-1, 0), (-1, 0), (-1, 0), (0, 1), (0, 1), (0, 1), (0, 1)]",[],"[0, 0, 0, 0, 0, 1, 0, 0, 0, 0, 0, 1, 1, 1, 1]",0,"(11, 2)","(6, 12)","(1, 7)",2
42,specailnoise0_softmaxBeta2.5_5,"[446, 894, 1342, 1797, 2242, 2689, 3140, 3592, 4036, 4489, 4967, 5417, 5866, 6310, 6757]","[(12, 11), [11, 11], [10, 11], [10, 10], [10, 9], [9, 9], [9, 8], [8, 8], [8, 7], [8, 6], [7, 6], [6, 6], [5, 6], [4, 6], [3, 6], [2, 6]]","[(-1, 0), (-1, 0), (0, -1), (0, -1), (-1, 0), (0, -1), (-1, 0), (0, -1), (0, -1), (-1, 0), (-1, 0), (-1, 0), (-1, 0), (-1, 0), (-1, 0)]",[],"[0, 0, 0, 0, 0, 0, 0, 0, 0, 0, 1, 1, 1, 1, 1]",0,"(12, 11)","(2, 6)","(7, 1)",2
43,specailnoise0_softmaxBeta2.5_5,"[441, 892, 1336, 1787, 2231, 2672, 3117, 3586, 4035, 4476, 4917, 5372, 5824, 6267, 6709, 7152]","[(1, 1), [2, 1], [2, 2], [3, 2], [3, 3], [4, 3], [5, 3], [6, 3], [7, 3], [7, 4], [7, 5], [8, 5], [8, 6], [9, 6], [10, 6], [11, 6], [12, 6]]","[(1, 0), (0, 1), (1, 0), (0, 1), (1, 0), (1, 0), (1, 0), (1, 0), (0, 1), (0, 1), (1, 0), (0, 1), (1, 0), (1, 0), (1, 0), (1, 0)]",[],"[0, 0, 0, 0, 0, 0, 0, 1, 0, 0, 1, 0, 1, 1, 1, 1]",0,"(1, 1)","(12, 6)","(6, 12)",6
44,specailnoise0_softmaxBeta2.5_5,"[446, 886, 1325, 1800, 2245, 2695, 3143, 3588, 4030, 4494, 4939, 5376, 5815]","[(2, 3), [2, 4], [3, 4], [4, 4], [4, 5], [4, 6], [4, 7], [5, 7], [6, 7], [7, 7], [8, 7], [8, 8], [9, 8], [10, 8]]","[(0, 1), (1, 0), (1, 0), (0, 1), (0, 1), (0, 1), (1, 0), (1, 0), (1, 0), (1, 0), (0, 1), (1, 0), (1, 0)]",[],"[0, 0, 0, 0, 0, 0, 0, 0, 0, 1, 0, 1, 1]",0,"(2, 3)","(10, 8)","(7, 11)",10
45,specailnoise0_softmaxBeta2.5_5,"[474, 918, 1372, 1835, 2283, 2729, 3169, 3613, 4052, 4492, 4947, 5392, 5851, 6300, 6744, 7186]","[(2, 2), [3, 2], [4, 2], [4, 3], [4, 4], [4, 5], [5, 5], [6, 5], [7, 5], [8, 5], [8, 6], [9, 6], [10, 6], [10, 7], [11, 7], [12, 7], [13, 7]]","[(1, 0), (1, 0), (0, 1), (0, 1), (0, 1), (1, 0), (1, 0), (1, 0), (1, 0), (0, 1), (1, 0), (1, 0), (0, 1), (1, 0), (1, 0), (1, 0)]",[],"[0, 0, 0, 0, 0, 0, 0, 0, 1, 0, 1, 1, 0, 1, 1, 1]",0,"(2, 2)","(13, 7)","(7, 13)",2
46,specailnoise0_softmaxBeta2.5_5,"[467, 905, 1341, 1780, 2215, 2647, 3082, 3513, 3946, 4380, 4820, 5250, 5686, 6114]","[(1, 1), [2, 1], [3, 1], [3, 2], [3, 3], [4, 3], [4, 4], [4, 5], [5, 5], [5, 6], [6, 6], [6, 7], [6, 8], [6, 9], [6, 10]]","[(1, 0), (1, 0), (0, 1), (0, 1), (1, 0), (0, 1), (0, 1), (1, 0), (0, 1), (1, 0), (0, 1), (0, 1), (0, 1), (0, 1)]",[],"[0, 0, 0, 0, 0, 0, 0, 0, 0, 0, 2, 2, 2, 2]",0,"(1, 1)","(10, 6)","(6, 10)",10
47,specailnoise0_softmaxBeta2.5_5,"[448, 899, 1347, 1798, 2245, 2699, 3154, 3598, 4045, 4489, 4933, 5378, 5825, 6270, 6714, 7153]","[(13, 2), [13, 3], [13, 4], [13, 5], [13, 6], [13, 7], [13, 8], [12, 8], [11, 8], [11, 9], [10, 9], [9, 9], [9, 10], [9, 11], [8, 11], [8, 12], [8, 13]]","[(0, 1), (0, 1), (0, 1), (0, 1), (0, 1), (0, 1), (-1, 0), (-1, 0), (0, 1), (-1, 0), (-1, 0), (0, 1), (0, 1), (-1, 0), (0, 1), (0, 1)]",[],"[0, 0, 0, 0, 0, 1, 0, 0, 1, 0, 0, 1, 1, 0, 1, 1]",0,"(13, 2)","(8, 13)","(2, 7)",2
48,specailnoise0_softmaxBeta2.5_5,"[442, 880, 1346, 1792, 2233, 2673, 3119, 3604, 4051, 4503, 4958, 5405, 5853, 6295, 6737, 7177]","[(2, 13), [3, 13], [4, 13], [4, 12], [4, 11], [4, 10], [4, 9], [5, 9], [6, 9], [6, 8], [6, 7], [6, 6], [7, 6], [7, 5], [7, 4], [7, 3], [7, 2]]","[(1, 0), (1, 0), (0, -1), (0, -1), (0, -1), (0, -1), (1, 0), (1, 0), (0, -1), (0, -1), (0, -1), (1, 0), (0, -1), (0, -1), (0, -1), (0, -1)]",[],"[0, 0, 0, 0, 0, 0, 0, 0, 0, 1, 1, 0, 1, 1, 1, 1]",0,"(2, 13)","(7, 2)","(13, 8)",10
49,specailnoise0_softmaxBeta2.5_5,"[450, 900, 1348, 1798, 2243, 2684, 3128, 3573, 4017, 4473, 4918, 5367, 5816, 6261]","[(10, 2), [9, 2], [8, 2], [8, 3], [7, 3], [7, 4], [7, 5], [7, 6], [6, 6], [6, 7], [6, 8], [6, 9], [5, 9], [5, 10], [5, 11]]","[(-1, 0), (-1, 0), (0, 1), (-1, 0), (0, 1), (0, 1), (0, 1), (-1, 0), (0, 1), (0, 1), (0, 1), (-1, 0), (0, 1), (0, 1)]",[],"[0, 0, 0, 0, 0, 0, 0, 0, 0, 1, 1, 0, 1, 1]",0,"(10, 2)","(5, 11)","(1, 7)",4
50,specailnoise0_softmaxBeta2.5_5,"[444, 887, 1343, 1831, 2279, 2726, 3170, 3616, 4057, 4503, 4949, 5393, 5841]","[(4, 2), [4, 3], [5, 3], [6, 3], [6, 4], [7, 4], [8, 4], [9, 4], [10, 4], [10, 5], [11, 5], [12, 5], [12, 6], [12, 7]]","[(0, 1), (1, 0), (1, 0), (0, 1), (1, 0), (1, 0), (1, 0), (1, 0), (0, 1), (1, 0), (1, 0), (0, 1), (0, 1)]",[],"[0, 0, 0, 0, 0, 0, 0, 1, 0, 1, 1, 0, 0]",0,"(4, 2)","(12, 7)","(9, 10)",6
51,specailnoise0_softmaxBeta2.5_5,"[445, 892, 1345, 1799, 2245, 2725, 3175, 3623, 4070, 4513, 4960, 5413, 5865, 6333]","[(4, 11), [5, 11], [6, 11], [6, 10], [6, 9], [7, 9], [8, 9], [9, 9], [10, 9], [11, 9], [12, 9], [13, 9], [13, 8], [13, 7], [13, 6]]","[(1, 0), (1, 0), (0, -1), (0, -1), (1, 0), (1, 0), (1, 0), (1, 0), (1, 0), (1, 0), (1, 0), (0, -1), (0, -1), (0, -1)]",[],"[0, 0, 0, 0, 0, 0, 0, 2, 2, 2, 2, 0, 0, 0]",0,"(4, 11)","(9, 2)","(13, 6)",6
52,specailnoise0_softmaxBeta2.5_5,"[452, 904, 1356, 1827, 2272, 2718, 3161, 3608, 4051, 4495, 4940, 5381, 5825, 6267]","[(12, 4), [11, 4], [11, 5], [10, 5], [10, 6], [10, 7], [10, 8], [9, 8], [8, 8], [8, 9], [8, 10], [8, 11], [7, 11], [7, 12], [7, 13]]","[(-1, 0), (0, 1), (-1, 0), (0, 1), (0, 1), (0, 1), (-1, 0), (-1, 0), (0, 1), (0, 1), (0, 1), (-1, 0), (0, 1), (0, 1)]",[],"[0, 0, 0, 0, 0, 0, 0, 0, 0, 1, 1, 0, 1, 1]",0,"(12, 4)","(7, 13)","(3, 9)",6
53,specailnoise0_softmaxBeta2.5_5,"[449, 891, 1380, 1838, 2291, 2741, 3194, 3648, 4093, 4540, 4994, 5447, 5895, 6342, 6787]","[(12, 11), [11, 11], [10, 11], [10, 10], [10, 9], [9, 9], [9, 8], [9, 7], [8, 7], [7, 7], [6, 7], [6, 6], [5, 6], [4, 6], [3, 6], [2, 6]]","[(-1, 0), (-1, 0), (0, -1), (0, -1), (-1, 0), (0, -1), (0, -1), (-1, 0), (-1, 0), (-1, 0), (0, -1), (-1, 0), (-1, 0), (-1, 0), (-1, 0)]",[],"[0, 0, 0, 0, 0, 0, 0, 0, 0, 1, 0, 1, 1, 1, 1]",0,"(12, 11)","(2, 6)","(7, 1)",2
54,specailnoise0_softmaxBeta2.5_5,"[451, 905, 1366, 1839, 2295, 2753, 3241, 3696, 4155, 4625, 5078, 5530, 5987, 6451]","[(3, 4), [4, 4], [5, 4], [6, 4], [7, 4], [8, 4], [9, 4], [10, 4], [11, 4], [12, 4], [12, 5], [12, 6], [12, 7], [12, 8], [12, 9]]","[(1, 0), (1, 0), (1, 0), (1, 0), (1, 0), (1, 0), (1, 0), (1, 0), (1, 0), (0, 1), (0, 1), (0, 1), (0, 1), (0, 1)]",[],"[0, 0, 0, 0, 0, 1, 1, 1, 1, 0, 0, 0, 0, 0]",0,"(3, 4)","(12, 9)","(8, 13)",2
55,specailnoise0_softmaxBeta2.5_5,"[453, 890, 1419, 1868, 2306, 2743, 3182, 3650, 4090, 4534, 4974, 5418, 5862, 6302, 6742, 7181]","[(1, 13), [1, 12], [2, 12], [2, 11], [2, 10], [2, 9], [2, 8], [2, 7], [2, 6], [2, 5], [3, 5], [3, 4], [3, 3], [3, 2], [4, 2], [5, 2], [6, 2]]","[(0, -1), (1, 0), (0, -1), (0, -1), (0, -1), (0, -1), (0, -1), (0, -1), (0, -1), (1, 0), (0, -1), (0, -1), (0, -1), (1, 0), (1, 0), (1, 0)]",[],"[0, 0, 0, 0, 0, 0, 1, 1, 1, 0, 1, 1, 1, 0, 0, 0]",0,"(1, 13)","(6, 2)","(12, 8)",4
56,specailnoise0_softmaxBeta2.5_5,"[445, 889, 1335, 1788, 2231, 2679, 3130, 3574, 4018, 4464, 4910, 5366, 5820, 6263, 6778]","[(2, 11), [3, 11], [3, 10], [4, 10], [4, 9], [5, 9], [6, 9], [7, 9], [8, 9], [9, 9], [9, 8], [10, 8], [10, 7], [11, 7], [11, 6], [12, 6]]","[(1, 0), (0, -1), (1, 0), (0, -1), (1, 0), (1, 0), (1, 0), (1, 0), (1, 0), (0, -1), (1, 0), (0, -1), (1, 0), (0, -1), (1, 0)]",[],"[0, 0, 0, 0, 0, 0, 0, 2, 2, 0, 2, 0, 2, 0, 2]",0,"(2, 11)","(7, 1)","(12, 6)",6
57,specailnoise0_softmaxBeta2.5_5,"[446, 890, 1333, 1781, 2222, 2675, 3122, 3567, 4002, 4441, 4882, 5326, 5761]","[(4, 12), [5, 12], [6, 12], [6, 11], [6, 10], [7, 10], [7, 9], [7, 8], [8, 8], [9, 8], [10, 8], [10, 7], [11, 7], [12, 7]]","[(1, 0), (1, 0), (0, -1), (0, -1), (1, 0), (0, -1), (0, -1), (1, 0), (1, 0), (1, 0), (0, -1), (1, 0), (1, 0)]",[],"[0, 0, 0, 0, 0, 0, 0, 0, 0, 2, 0, 2, 2]",0,"(4, 12)","(9, 4)","(12, 7)",10
58,specailnoise0_softmaxBeta2.5_5,"[451, 894, 1344, 1809, 2255, 2706, 3152, 3601, 4059, 4514, 4989, 5433, 5878, 6329]","[(4, 11), [5, 11], [6, 11], [6, 10], [6, 9], [7, 9], [8, 9], [8, 8], [8, 7], [8, 6], [9, 6], [10, 6], [11, 6], [12, 6], [13, 6]]","[(1, 0), (1, 0), (0, -1), (0, -1), (1, 0), (1, 0), (0, -1), (0, -1), (0, -1), (1, 0), (1, 0), (1, 0), (1, 0), (1, 0)]",[],"[0, 0, 0, 0, 0, 0, 0, 0, 0, 0, 2, 2, 2, 2]",0,"(4, 11)","(9, 2)","(13, 6)",6
59,specailnoise0_softmaxBeta2.5_5,"[456, 937, 1386, 1840, 2287, 2729, 3177, 3625, 4076, 4529, 4977, 5424, 5869, 6319, 6771]","[(11, 11), [11, 10], [10, 10], [10, 9], [9, 9], [8, 9], [7, 9], [7, 8], [7, 7], [7, 6], [6, 6], [6, 5], [6, 4], [6, 3], [6, 2], [6, 1]]","[(0, -1), (-1, 0), (0, -1), (-1, 0), (-1, 0), (-1, 0), (0, -1), (0, -1), (0, -1), (-1, 0), (0, -1), (0, -1), (0, -1), (0, -1), (0, -1)]",[],"[0, 0, 0, 0, 0, 0, 0, 0, 0, 0, 2, 2, 2, 2, 2]",0,"(11, 11)","(1, 6)","(6, 1)",10
60,specailnoise0_softmaxBeta2.5_5,"[445, 886, 1340, 1790, 2245, 2686, 3128, 3569, 4010, 4455, 4895, 5337, 5776, 6218]","[(12, 11), [11, 11], [10, 11], [10, 10], [10, 9], [9, 9], [8, 9], [8, 8], [8, 7], [8, 6], [7, 6], [6, 6], [5, 6], [4, 6], [3, 6]]","[(-1, 0), (-1, 0), (0, -1), (0, -1), (-1, 0), (-1, 0), (0, -1), (0, -1), (0, -1), (-1, 0), (-1, 0), (-1, 0), (-1, 0), (-1, 0)]",[],"[0, 0, 0, 0, 0, 0, 0, 0, 0, 0, 1, 1, 1, 1]",0,"(12, 11)","(3, 6)","(7, 2)",10
61,specailnoise0_softmaxBeta2.5_5,"[450, 904, 1361, 1816, 2296, 2743, 3193, 3641, 4088, 4535, 4988, 5437, 5883, 6341]","[(10, 3), [9, 3], [8, 3], [8, 4], [7, 4], [7, 5], [7, 6], [6, 6], [6, 7], [5, 7], [4, 7], [4, 8], [3, 8], [2, 8], [1, 8]]","[(-1, 0), (-1, 0), (0, 1), (-1, 0), (0, 1), (0, 1), (-1, 0), (0, 1), (-1, 0), (-1, 0), (0, 1), (-1, 0), (-1, 0), (-1, 0)]",[],"[0, 0, 0, 0, 0, 0, 0, 0, 0, 2, 0, 2, 2, 2]",0,"(10, 3)","(5, 12)","(1, 8)",4
62,specailnoise0_softmaxBeta2.5_5,"[448, 889, 1331, 1782, 2225, 2666, 3104, 3544, 3988, 4433, 4875, 5319, 5763, 6212, 6657]","[(13, 11), [12, 11], [11, 11], [11, 10], [11, 9], [11, 8], [10, 8], [10, 7], [10, 6], [10, 5], [9, 5], [8, 5], [8, 4], [8, 3], [8, 2], [8, 1]]","[(-1, 0), (-1, 0), (0, -1), (0, -1), (0, -1), (-1, 0), (0, -1), (0, -1), (0, -1), (-1, 0), (-1, 0), (0, -1), (0, -1), (0, -1), (0, -1)]",[],"[0, 0, 0, 0, 0, 0, 0, 0, 2, 0, 0, 2, 2, 2, 2]",0,"(13, 11)","(3, 6)","(8, 1)",2
63,specailnoise0_softmaxBeta2.5_5,"[446, 883, 1331, 1778, 2220, 2696, 3138, 3575, 4011, 4448, 4889, 5327, 5765, 6216, 6658]","[(12, 13), [12, 12], [11, 12], [10, 12], [9, 12], [8, 12], [7, 12], [6, 12], [5, 12], [4, 12], [4, 11], [4, 10], [4, 9], [3, 9], [2, 9], [2, 8]]","[(0, -1), (-1, 0), (-1, 0), (-1, 0), (-1, 0), (-1, 0), (-1, 0), (-1, 0), (-1, 0), (0, -1), (0, -1), (0, -1), (-1, 0), (-1, 0), (0, -1)]",[],"[0, 0, 0, 0, 0, 0, 1, 1, 1, 0, 0, 0, 1, 1, 0]",0,"(12, 13)","(2, 8)","(7, 3)",4
64,specailnoise0_softmaxBeta2.5_5,"[435, 871, 1308, 1753, 2186, 2621, 3054, 3491, 3930, 4377, 4818, 5284, 5718, 6152]","[(13, 1), [13, 2], [13, 3], [12, 3], [11, 3], [10, 3], [10, 4], [10, 5], [9, 5], [9, 6], [9, 7], [8, 7], [8, 8], [8, 9], [8, 10]]","[(0, 1), (0, 1), (-1, 0), (-1, 0), (-1, 0), (0, 1), (0, 1), (-1, 0), (0, 1), (0, 1), (-1, 0), (0, 1), (0, 1), (0, 1)]",[],"[0, 0, 0, 0, 0, 0, 0, 0, 0, 1, 0, 1, 1, 1]",0,"(13, 1)","(8, 10)","(4, 6)",2
65,specailnoise0_softmaxBeta2.5_5,"[444, 894, 1345, 1793, 2236, 2676, 3116, 3554, 3993, 4434, 4873, 5320, 5791, 6232]","[(12, 12), [11, 12], [10, 12], [10, 11], [10, 10], [10, 9], [10, 8], [9, 8], [8, 8], [8, 7], [8, 6], [7, 6], [7, 5], [7, 4], [7, 3]]","[(-1, 0), (-1, 0), (0, -1), (0, -1), (0, -1), (0, -1), (-1, 0), (-1, 0), (0, -1), (0, -1), (-1, 0), (0, -1), (0, -1), (0, -1)]",[],"[0, 0, 0, 0, 0, 0, 0, 0, 0, 2, 0, 2, 2, 2]",0,"(12, 12)","(3, 7)","(7, 3)",6
66,specailnoise0_softmaxBeta2.5_5,"[450, 892, 1342, 1794, 2236, 2678, 3120, 3562, 4007, 4454, 4898, 5350, 5790]","[(2, 9), [3, 9], [4, 9], [4, 8], [4, 7], [5, 7], [5, 6], [5, 5], [6, 5], [6, 4], [6, 3], [7, 3], [7, 2], [7, 1]]","[(1, 0), (1, 0), (0, -1), (0, -1), (1, 0), (0, -1), (0, -1), (1, 0), (0, -1), (0, -1), (1, 0), (0, -1), (0, -1)]",[],"[0, 0, 0, 0, 0, 0, 0, 0, 0, 1, 0, 1, 1]",0,"(2, 9)","(7, 1)","(10, 4)",10
67,specailnoise0_softmaxBeta2.5_5,"[439, 878, 1323, 1766, 2204, 2640, 3098, 3543, 3980, 4420, 4858, 5300, 5771, 6218, 6662, 7100]","[(1, 1), [1, 2], [2, 2], [3, 2], [3, 3], [3, 4], [3, 5], [3, 6], [3, 7], [3, 8], [4, 8], [4, 9], [4, 10], [5, 10], [5, 11], [5, 12], [6, 12]]","[(0, 1), (1, 0), (1, 0), (0, 1), (0, 1), (0, 1), (0, 1), (0, 1), (0, 1), (1, 0), (0, 1), (0, 1), (1, 0), (0, 1), (0, 1), (1, 0)]",[],"[0, 0, 0, 0, 0, 0, 0, 2, 2, 0, 2, 2, 0, 2, 2, 0]",0,"(1, 1)","(12, 6)","(6, 12)",6
68,specailnoise0_softmaxBeta2.5_5,"[438, 880, 1332, 1777, 2218, 2662, 3097, 3532, 3968, 4411, 4845, 5289, 5743, 6199, 6654]","[(1, 1), [1, 2], [2, 2], [2, 3], [3, 3], [3, 4], [3, 5], [3, 6], [3, 7], [3, 8], [3, 9], [4, 9], [5, 9], [5, 10], [5, 11], [6, 11]]","[(0, 1), (1, 0), (0, 1), (1, 0), (0, 1), (0, 1), (0, 1), (0, 1), (0, 1), (0, 1), (1, 0), (1, 0), (0, 1), (0, 1), (1, 0)]",[],"[0, 0, 0, 0, 0, 0, 0, 2, 2, 2, 0, 0, 2, 2, 0]",0,"(1, 1)","(11, 6)","(6, 11)",6
69,specailnoise0_softmaxBeta2.5_5,"[455, 941, 1389, 1844, 2316, 2764, 3204, 3650, 4089, 4537, 4976, 5422, 5868, 6307, 6750, 7190]","[(2, 2), [2, 3], [2, 4], [3, 4], [4, 4], [4, 5], [5, 5], [5, 6], [6, 6], [7, 6], [7, 7], [7, 8], [7, 9], [7, 10], [7, 11], [7, 12], [7, 13]]","[(0, 1), (0, 1), (1, 0), (1, 0), (0, 1), (1, 0), (0, 1), (1, 0), (1, 0), (0, 1), (0, 1), (0, 1), (0, 1), (0, 1), (0, 1), (0, 1)]",[],"[0, 0, 0, 0, 0, 0, 0, 0, 0, 0, 2, 2, 2, 2, 2, 2]",0,"(2, 2)","(13, 7)","(7, 13)",10
70,specailnoise0_softmaxBeta2.5_5,"[452, 898, 1350, 1802, 2246, 2694, 3132, 3573, 4018, 4460, 4905, 5352, 5802, 6250, 6699, 7145]","[(12, 1), [12, 2], [11, 2], [10, 2], [9, 2], [9, 3], [9, 4], [8, 4], [7, 4], [6, 4], [6, 5], [6, 6], [5, 6], [4, 6], [3, 6], [2, 6], [1, 6]]","[(0, 1), (-1, 0), (-1, 0), (-1, 0), (0, 1), (0, 1), (-1, 0), (-1, 0), (-1, 0), (0, 1), (0, 1), (-1, 0), (-1, 0), (-1, 0), (-1, 0), (-1, 0)]",[],"[0, 0, 0, 0, 0, 0, 0, 0, 2, 0, 0, 2, 2, 2, 2, 2]",0,"(12, 1)","(7, 12)","(1, 6)",4
71,specailnoise0_softmaxBeta2.5_5,"[441, 883, 1335, 1793, 2242, 2701, 3147, 3591, 4033, 4471, 4908, 5380, 5818, 6256, 6694, 7137]","[(1, 12), [2, 12], [2, 11], [2, 10], [2, 9], [2, 8], [2, 7], [2, 6], [3, 6], [3, 5], [3, 4], [4, 4], [5, 4], [5, 3], [5, 2], [6, 2], [6, 1]]","[(1, 0), (0, -1), (0, -1), (0, -1), (0, -1), (0, -1), (0, -1), (1, 0), (0, -1), (0, -1), (1, 0), (1, 0), (0, -1), (0, -1), (1, 0), (0, -1)]",[],"[0, 0, 0, 0, 0, 0, 1, 0, 1, 1, 0, 0, 1, 1, 0, 1]",0,"(1, 12)","(6, 1)","(12, 7)",4
72,specailnoise0_softmaxBeta2.5_5,"[444, 880, 1322, 1770, 2206, 2644, 3080, 3517, 3949, 4385, 4829, 5272, 5716, 6158, 6592, 7031]","[(1, 13), [1, 12], [2, 12], [3, 12], [3, 11], [3, 10], [3, 9], [4, 9], [5, 9], [6, 9], [7, 9], [7, 8], [8, 8], [9, 8], [10, 8], [11, 8], [12, 8]]","[(0, -1), (1, 0), (1, 0), (0, -1), (0, -1), (0, -1), (1, 0), (1, 0), (1, 0), (1, 0), (0, -1), (1, 0), (1, 0), (1, 0), (1, 0), (1, 0)]",[],"[0, 0, 0, 0, 0, 0, 0, 0, 0, 2, 0, 2, 2, 2, 2, 2]",0,"(1, 13)","(6, 2)","(12, 8)",6
73,specailnoise0_softmaxBeta2.5_5,"[443, 885, 1331, 1782, 2229, 2681, 3136, 3589, 4071, 4550, 5027, 5494, 5937]","[(4, 3), [5, 3], [6, 3], [6, 4], [6, 5], [7, 5], [7, 6], [7, 7], [8, 7], [8, 8], [8, 9], [9, 9], [9, 10], [9, 11]]","[(1, 0), (1, 0), (0, 1), (0, 1), (1, 0), (0, 1), (0, 1), (1, 0), (0, 1), (0, 1), (1, 0), (0, 1), (0, 1)]",[],"[0, 0, 0, 0, 0, 0, 0, 0, 0, 2, 0, 2, 2]",0,"(4, 3)","(12, 8)","(9, 11)",10
74,specailnoise0_softmaxBeta2.5_5,"[438, 875, 1331, 1810, 2243, 2672, 3113, 3551, 3989, 4426, 4857, 5291, 5720]","[(12, 13), [12, 12], [11, 12], [10, 12], [10, 11], [10, 10], [10, 9], [10, 8], [10, 7], [10, 6], [10, 5], [9, 5], [8, 5], [7, 5]]","[(0, -1), (-1, 0), (-1, 0), (0, -1), (0, -1), (0, -1), (0, -1), (0, -1), (0, -1), (0, -1), (-1, 0), (-1, 0), (-1, 0)]",[],"[0, 0, 0, 0, 0, 0, 0, 2, 2, 2, 0, 0, 0]",0,"(12, 13)","(4, 8)","(7, 5)",6
75,specailnoise0_softmaxBeta2.5_5,"[435, 866, 1300, 1741, 2180, 2617, 3046, 3484, 3913, 4346, 4775, 5208, 5642, 6076]","[(13, 1), [12, 1], [11, 1], [11, 2], [11, 3], [11, 4], [11, 5], [11, 6], [11, 7], [11, 8], [10, 8], [10, 9], [9, 9], [8, 9], [8, 10]]","[(-1, 0), (-1, 0), (0, 1), (0, 1), (0, 1), (0, 1), (0, 1), (0, 1), (0, 1), (-1, 0), (0, 1), (-1, 0), (-1, 0), (0, 1)]",[],"[0, 0, 0, 0, 0, 0, 0, 1, 1, 0, 1, 0, 0, 1]",0,"(13, 1)","(8, 10)","(4, 6)",2
76,specailnoise0_softmaxBeta2.5_5,"[438, 874, 1322, 1793, 2234, 2678, 3117, 3561, 3996, 4437, 4911, 5351, 5787, 6229]","[(13, 13), [13, 12], [13, 11], [12, 11], [12, 10], [11, 10], [10, 10], [9, 10], [8, 10], [8, 9], [8, 8], [8, 7], [8, 6], [8, 5], [8, 4]]","[(0, -1), (0, -1), (-1, 0), (0, -1), (-1, 0), (-1, 0), (-1, 0), (-1, 0), (0, -1), (0, -1), (0, -1), (0, -1), (0, -1), (0, -1)]",[],"[0, 0, 0, 0, 0, 0, 0, 0, 0, 0, 2, 2, 2, 2]",0,"(13, 13)","(4, 8)","(8, 4)",4
77,specailnoise0_softmaxBeta2.5_5,"[448, 890, 1363, 1827, 2276, 2718, 3162, 3612, 4063, 4513, 4966, 5407, 5846, 6286, 6730, 7195]","[(12, 13), [12, 12], [12, 11], [11, 11], [10, 11], [10, 10], [10, 9], [9, 9], [8, 9], [8, 8], [8, 7], [8, 6], [7, 6], [7, 5], [7, 4], [7, 3], [7, 2]]","[(0, -1), (0, -1), (-1, 0), (-1, 0), (0, -1), (0, -1), (-1, 0), (-1, 0), (0, -1), (0, -1), (0, -1), (-1, 0), (0, -1), (0, -1), (0, -1), (0, -1)]",[],"[0, 0, 0, 0, 0, 0, 0, 0, 0, 2, 2, 0, 2, 2, 2, 2]",0,"(12, 13)","(1, 8)","(7, 2)",10
78,specailnoise0_softmaxBeta2.5_5,"[448, 900, 1348, 1813, 2257, 2706, 3165, 3611, 4114, 4555, 4999, 5443, 5885]","[(2, 5), [2, 6], [3, 6], [4, 6], [5, 6], [6, 6], [7, 6], [8, 6], [9, 6], [10, 6], [10, 7], [10, 8], [10, 9], [10, 10]]","[(0, 1), (1, 0), (1, 0), (1, 0), (1, 0), (1, 0), (1, 0), (1, 0), (1, 0), (0, 1), (0, 1), (0, 1), (0, 1)]",[],"[0, 0, 0, 0, 0, 0, 1, 1, 1, 0, 0, 0, 0]",0,"(2, 5)","(10, 10)","(7, 13)",4
79,specailnoise0_softmaxBeta2.5_5,"[440, 886, 1332, 1774, 2213, 2649, 3087, 3524, 3968, 4408, 4847, 5290, 5732, 6179]","[(13, 11), [12, 11], [11, 11], [11, 10], [10, 10], [9, 10], [8, 10], [7, 10], [7, 9], [6, 9], [5, 9], [4, 9], [4, 8], [4, 7], [4, 6]]","[(-1, 0), (-1, 0), (0, -1), (-1, 0), (-1, 0), (-1, 0), (-1, 0), (0, -1), (-1, 0), (-1, 0), (-1, 0), (0, -1), (0, -1), (0, -1)]",[],"[0, 0, 0, 0, 0, 0, 1, 0, 1, 1, 1, 0, 0, 0]",0,"(13, 11)","(4, 6)","(8, 2)",4
